Name,Price
"Cоус чили ""Желтый фонарь"" PRB, 240 г",209 ₽
"Арахис жареный со вкусом креветки Koh-kae, 90г",209 ₽
"Арахис жареный со вкусом тайского сладкого соуса Koh-kae, 90 г",209 ₽
"Бадьян целый East End, 100г",401 ₽
"Бумага рисовая Real Thai, 16 см (100 г)",183 ₽
"Вермишель рисовая Real Thai, 250г",221 ₽
"Вода кокосовая с соком ананаса FOCO, 330мл",148 ₽
"Галангал сушеный, 100 г",348 ₽
"Гиностемма (Джиаогулан), 50 г",305 ₽
"Горох жареный Wangwang, 45г",96 ₽
"Грибы Цао Гу MAKANAN, 800 г",340 ₽
"Желе (напиток) бьюти Натуральный личи, L карнитин, витамин С, 150г",140 ₽
"Кокосовая вода c гранатом, FOCO, 330 мл",148 ₽
"Кокосовая вода c гуавой, FOCO, 330 мл",148 ₽
"Кокосовая вода органическая, FOCO, 330 мл",148 ₽
"Кокосовая вода с манго FOCO, 330мл",148 ₽
"Кокосовая вода с соком личи FOCO, 330мл",98 ₽
"Кокосовое масло Aroy-D, 450 мл",636 ₽
"Кокосовое молоко Aroy-D, 0,25 л",154 ₽
"Кокосовое молоко Aroy-D, 1 л",414 ₽
"Кокосовые сливки Aroy-D (70%), 560 мл",335 ₽
"Конфеты желейные с натуральным соком ""Тропические фрукты"" YOYO, 80г",261 ₽
"Кофе Грин Бин Truslen, 10* 16г",846 ₽
"Кофе Плюс Коллаген Truslen, 10* 16г",846 ₽
